emotion,r2_explained,r2_unexplained
score_anger,0.10242286744627782,0.8975771325537222
score_anticipation,0.04502867102341934,0.9549713289765807
score_disgust,0.13311306990551897,0.866886930094481
score_fear,0.006057565237526763,0.9939424347624732
score_joy,0.040513983097288486,0.9594860169027115
score_sadness,0.01338852743681851,0.9866114725631815
score_surprise,0.04160319781382782,0.9583968021861722
score_trust,0.09802938761283175,0.9019706123871682
